,0,1,2,3,4,5,6,7,8,9,10,11,12,13,14,15
250,57060.561425752814,52534.44493227541,18175.36570732185,-187500.02235174447,5922.944059722908,8653.097886216388,10909.573544213004,1356.773240181594,-122692.39100127114,-126566.93179213189,-187500.02235174447,1284.0183119795695,-187500.02235174447,-146039.5703958953,-14260.97175609729,-11043.482845244747
251,57113.80328104536,52622.153177518034,18170.962413664158,-187500.02235174447,5904.705036247377,8647.599357080384,10907.986570356676,1344.5915394534516,-122727.34912959924,-126611.1882461534,-187500.02235174447,1300.0892162429352,-187500.02235174447,-146086.64316971818,-14241.592793654538,-11040.599470210012
252,57060.87435017519,52560.55176979921,18174.426934054725,-187500.02235174447,5902.335751335115,8651.197987937689,10892.742680638155,1355.901522147837,-122688.6135564582,-126576.118359103,-187500.02235174447,1294.1213004733684,-187500.02235174447,-146035.86000631572,-14252.589851926548,-11040.107731831997
253,57100.59340007227,52629.12692178809,18170.940061919697,-187500.02235174447,5897.775995466232,8640.111522687856,10892.563866682514,1338.4895132171528,-122742.21303966202,-126632.82473478612,-187500.02235174447,1298.032855753047,-187500.02235174447,-146098.75781521294,-14242.688029132849,-11036.509100974692
254,57063.44480078755,52586.74801430083,18178.78552422351,-187500.02235174447,5905.129719392028,8652.941424005201,10887.802945113532,1352.7499261796388,-122695.78846642836,-126588.50122553126,-187500.02235174447,1296.423530152265,-187500.02235174447,-146042.25260522994,-14252.746314137736,-11040.599470210012
255,57100.48164135,52641.50978821633,18193.76119300857,-187500.02235174447,5904.459167058369,8656.584758351417,10905.39376799986,1349.8218476559937,-122742.50361233992,-126639.01616800023,-187500.02235174447,1323.2456234986334,-187500.02235174447,-146100.5906582583,-14226.795938825124,-11013.84443209701
256,57061.969585653496,52610.53027040127,18173.175236365227,-187500.02235174447,5885.929570904919,8652.33792690491,10883.310244478018,1352.0123186126136,-122693.77680942736,-126586.75778946374,-187500.02235174447,1296.0211987520695,-187500.02235174447,-146037.11170400522,-14245.325534978574,-11034.586850951537
257,57087.31646386581,52636.88297711408,18187.43564932772,-187500.02235174447,5907.700170004388,8661.636252598317,10912.188698314274,1356.773240181594,-122753.09833921176,-126648.2474384603,-187500.02235174447,1311.2427367261334,-187500.02235174447,-146108.41376881764,-14235.021380784678,-11011.36338846247
258,57073.21251311452,52633.01612532332,18175.87979744432,-187500.02235174447,5896.1890216099055,8660.920996775747,10889.30051199204,1359.678966960784,-122701.24229207545,-126594.73736223429,-187500.02235174447,1312.7850070935497,-187500.02235174447,-146041.04561102937,-14235.513119162692,-11025.668504913869
259,57079.91803645111,52631.49620670035,18179.992518424096,-187500.02235174447,5914.271582874248,8658.1940839522,10899.20233478574,1354.9403971362588,-122755.55703110184,-126653.7459675963,-187500.02235174447,1319.1105507744016,-187500.02235174447,-146110.58188802982,-14235.043732529131,-11017.84539435451
260,57081.28149286289,52655.90431164555,18178.36084107886,-187500.02235174447,5908.191908382405,8659.75870606407,10891.267465504106,1360.7518506946387,-122701.73403045346,-126599.85591171456,-187500.02235174447,1315.7354373616502,-187500.02235174447,-146044.01839304192,-14228.71818884828,-11030.116502060477
261,57069.30095783484,52623.71779962991,18168.79429445199,-187500.02235174447,5894.982027409319,8660.742182820104,10898.53178245208,1356.192094825756,-122764.49772888396,-126661.41261594449,-187500.02235174447,1324.5643764214965,-187500.02235174447,-146116.72861775503,-14233.032075528155,-11012.056292540588
262,57086.98118769898,52674.79153571028,18165.821512439437,-187500.02235174447,5879.425213268425,8661.032755498023,10885.254846245629,1351.5205802345968,-122721.82824871878,-126615.4350775999,-187500.02235174447,1304.8948413008263,-187500.02235174447,-146062.88326536218,-14247.806578613112,-11041.962926621787
263,57065.16588511061,52632.63614566757,18184.57462603744,-187500.02235174447,5900.927591434431,8670.375784680342,10903.695035421257,1362.7858594400716,-122757.25576368044,-126653.83537457412,-187500.02235174447,1311.6227163818735,-187500.02235174447,-146108.45847230655,-14243.090360533042,-11018.605353665993
264,57090.57981855629,52694.729291764415,18172.6387944983,-187500.02235174447,5879.11228884605,8654.260176928065,10887.53472418007,1347.810190655016,-122713.64751024812,-126608.21546414084,-187500.02235174447,1307.0853122574465,-187500.02235174447,-146058.9270065936,-14234.753159851214,-11029.870632871463
265,57046.07749534577,52608.92094480049,18174.203416610173,-187500.02235174447,5877.994701623285,8662.373860165342,10894.843744616956,1356.616777970407,-122764.56478411732,-126659.24449673232,-187500.02235174447,1281.4478613672093,-187500.02235174447,-146115.61103053225,-14259.474189218785,-11036.196176552316
266,57086.33298710978,52689.543687050784,18156.098503601374,-187500.02235174447,5851.463180954836,8643.419580867241,10887.713538135711,1342.8928068748482,-122740.31314138332,-126633.5846940976,-187500.02235174447,1272.9318467297371,-187500.02235174447,-146088.3419022968,-14254.422694971883,-11047.059124357596
267,57043.59645171124,52607.95981978891,18173.756381721065,-187500.02235174447,5877.949998134375,8669.369956179853,10906.73487266718,1363.0093768846248,-122761.94963001604,-126653.05306351818,-187500.02235174447,1270.361396117377,-187500.02235174447,-146113.33115259782,-14266.783209655669,-11036.03971434113
268,57092.45736509054,52697.99264645489,18160.077114114418,-187500.02235174447,5847.126942530506,8657.009441496068,10901.929247609289,1353.6886994467616,-122737.47446983749,-126628.44379287287,-187500.02235174447,1273.6918060412177,-187500.02235174447,-146087.1796115851,-14246.688991390349,-11039.168958564873
269,57037.15914930811,52598.52738362877,18167.40848629576,-187500.02235174447,5865.477724728314,8666.933616034225,10895.827221372989,1353.420478513298,-122754.95353400154,-126642.70420583535,-187500.02235174447,1256.0562796659804,-187500.02235174447,-146102.17763211462,-14266.380878255472,-11038.632516697946
270,57085.662434776124,52687.12969864961,18134.841994624378,-187500.02235174447,5836.755733103244,8633.316592373443,10882.505581677626,1327.783027623061,-122761.5249468714,-126651.4437379174,-187500.02235174447,1261.5771605464413,-187500.02235174447,-146107.27382985043,-14258.49071246275,-11054.636365727943
271,57039.84135864274,52597.38744466155,18169.84482644139,-187500.02235174447,5865.857704384053,8662.91030203227,10902.555096454036,1367.4573740312308,-122758.8650892812,-126651.2425722173,-187500.02235174447,1255.9221691992486,-187500.02235174447,-146102.982294915,-14270.717116679803,-11042.052333599608
272,57098.58174307129,52701.233649400914,18162.22288158213,-187500.02235174447,5854.3912594784815,8666.218360211655,10910.78053841359,1360.8189059280046,-122764.4753771395,-126664.13952876802,-187500.02235174447,1282.8560212678935,-187500.02235174447,-146116.75096949947,-14236.586002896547,-11028.32836250405
273,57034.8122161403,52609.63620062306,18161.14999784827,-187500.02235174447,5862.102611315562,8666.598339867394,10900.118756308408,1373.358234567432,-122747.06336820882,-126649.07445300516,-187500.02235174447,1269.4673263391646,-187500.02235174447,-146092.81225118783,-14252.478093204272,-11030.541185205126
274,57087.65174003265,52693.23172488591,18150.711733187643,-187500.02235174447,5835.682849369389,8652.04735422699,10898.889410363368,1351.2076558122226,-122781.730923859,-126688.32411626866,-187500.02235174447,1279.2126869216786,-187500.02235174447,-146134.9452894861,-14245.34788672303,-11031.41290323888
275,57042.07653308827,52618.867471083104,18156.858462912853,-187500.02235174447,5854.167742033928,8666.441877656207,10896.475421962194,1373.7829177120827,-122744.20234491854,-126653.7459675963,-187500.02235174447,1270.160230417279,-187500.02235174447,-146089.21362033053,-14260.658831674917,-11036.978487608254
276,57097.285341892886,52697.81383249925,18153.371590777828,-187500.02235174447,5834.29704121316,8663.737316577115,10905.416119744315,1368.2620368316218,-122775.22656622253,-126690.35812501409,-187500.02235174447,1289.4050823932985,-187500.02235174447,-146131.30195513988,-14243.783264611158,-11024.394455479916
277,57049.51966399189,52630.758599133325,18151.73991343259,-187500.02235174447,5854.994756578774,8667.626520112339,10889.233456758671,1376.5545340245408,-122736.6698070371,-126644.894676792,-187500.02235174447,1274.7870415195275,-187500.02235174447,-146076.74134692448,-14255.674392661382,-11026.651981669902
278,57092.65853079064,52692.89644871908,18163.34046880489,-187500.02235174447,5846.836369852587,8658.886988030314,10893.860267860922,1360.416574527809,-122797.1759792776,-126709.26770082329,-187500.02235174447,1284.9570852466925,-187500.02235174447,-146150.7032693271,-14244.67733438937,-11025.310877002585
279,57069.61388225721,52667.41546004003,18180.88658820231,-187500.02235174447,5858.638090924989,8670.644005613805,10895.469593461705,1377.94034218077,-122737.49682158195,-126641.38545291252,-187500.02235174447,1294.4789283846533,-187500.02235174447,-146076.94251262458,-14244.878500089468,-11025.221470024762
280,57094.75959476944,52692.829393485714,18175.388059066303,-187500.02235174447,5843.193035506372,8658.127028718833,10901.906895864831,1364.7528129521386,-122792.2809472419,-126697.86831115108,-187500.02235174447,1305.028951767558,-187500.02235174447,-146143.05897272335,-14240.788130854144,-11016.32547573155
281,57073.54778928135,52673.20456185396,18170.7388962196,-187500.02235174447,5845.942300074375,8653.343755405398,10885.72423287919,1368.709071720728,-122745.6775600526,-126646.68281634842,-187500.02235174447,1285.7617480470835,-187500.02235174447,-146080.89877139317,-14246.644287901438,-11030.51883346067
282,57080.141553895664,52675.149163621565,18164.59216649439,-187500.02235174447,5832.7324191012885,8644.581871578917,10884.96427356771,1358.3378622934656,-122811.03406083991,-126714.67682298146,-187500.02235174447,1286.2087829361897,-187500.02235174447,-146156.82764730783,-14249.72882863627,-11026.696685158811
283,57084.58955104227,52686.34738759368,18180.30544284647,-187500.02235174447,5851.463180954836,8658.797581052493,10887.44531720225,1375.3028363350436,-122754.79707179037,-126653.41069142948,-187500.02235174447,1289.2486201821114,-187500.02235174447,-146084.0727191058,-14254.623860671982,-11034.586850951537
284,57086.95883595453,52670.85762868615,18183.077059158928,-187500.02235174447,5848.780971620199,8660.898645031291,10904.454994732738,1374.185249112278,-122807.48013347152,-126707.77013394478,-187500.02235174447,1308.0464372690246,-187500.02235174447,-146145.6964785691,-14243.738561122247,-11011.36338846247
285,57103.74499604047,52710.040236716304,18179.053745156973,-187500.02235174447,5850.367945476526,8666.799505567493,10888.071166046995,1377.0462724025574,-122751.53371709988,-126647.71099659336,-187500.02235174447,1306.5488703905191,-187500.02235174447,-146073.38858525618,-14258.9153956074,-11028.194252037318
286,57077.52639979439,52662.11809660412,18180.30544284647,-187500.02235174447,5857.229931024305,8656.204778695677,10887.57942766898,1359.8801326608816,-122804.57440669232,-126702.04808736422,-187500.02235174447,1314.327277460966,-187500.02235174447,-146132.21837666255,-14257.127256050975,-11012.07864428504
287,57096.39127211467,52723.85361478968,18166.78263745101,-187500.02235174447,5857.364041491037,8659.736354319615,10892.139183537864,1364.5292955075856,-122762.84369979426,-126656.78580484222,-187500.02235174447,1301.8550040549046,-187500.02235174447,-146079.7811841704,-14269.219549801295,-11040.241842298728
288,57066.797562455846,52660.17349483651,18170.58243400841,-187500.02235174447,5867.489381729291,8658.931691519225,10895.938980095263,1357.8014204265382,-122800.17111303462,-126692.54859597071,-187500.02235174447,1313.2990972160217,-187500.02235174447,-146126.58573705982,-14262.938709609356,-11018.538298432624
289,57106.15898444164,52729.68742009252,18159.54067224749,-187500.02235174447,5847.462218697336,8643.129008189322,10880.203351998727,1345.9773476096807,-122767.26934519642,-126660.18326999944,-187500.02235174447,1305.811262823494,-187500.02235174447,-146085.61498947322,-14269.10779107902,-11044.46632200078
290,57061.81312344231,52641.33097426069,18162.669916471237,-187500.02235174447,5870.171591063928,8647.398191380285,10899.515259208114,1353.5098854911191,-122811.03406083991,-126705.3561455436,-187500.02235174447,1294.7247975736616,-187500.02235174447,-146128.66444929416,-14281.289491807163,-11043.080513844552
291,57119.81590030383,52743.21022548798,18156.21026232365,-187500.02235174447,5851.619643166023,8647.822874524936,10901.30339876454,1355.5662459810071,-122789.95636581857,-126681.61859293206,-187500.02235174447,1300.648009854318,-187500.02235174447,-146095.80738494484,-14264.592738699048,-11048.71315344729
292,57071.35731832473,52650.56224472073,18172.92936717622,-187500.02235174447,5874.507829488258,8666.866560800858,10906.53370696708,1367.7926501980603,-122794.29260424287,-126681.90916560998,-187500.02235174447,1310.5051291591085,-187500.02235174447,-146100.1883268581,-14269.57717771258,-11033.201042795306
293,57116.5301938689,52742.62908013214,18151.44934075467,-187500.02235174447,5849.406820464948,8640.379743621319,10889.166401525308,1341.0599638295132,-122794.85139785426,-126678.82462487515,-187500.02235174447,1316.897728073326,-187500.02235174447,-146100.16597511363,-14263.63161368747,-11044.734542934244
294,57068.78686771237,52646.44952374095,18164.525111261024,-187500.02235174447,5892.411576796959,8663.178522965733,10897.749471396146,1364.3951850408537,-122802.5851014358,-126685.82072088966,-187500.02235174447,1303.2631639555889,-187500.02235174447,-146104.85984144924,-14276.930901638378,-11043.415790011382
295,57132.35522894326,52747.14413251211,18156.54553849048,-187500.02235174447,5868.338748018593,8656.115371717855,10888.115869535908,1348.190170310756,-122804.01561308092,-126690.53693896972,-187500.02235174447,1321.3457252199323,-187500.02235174447,-146107.43029206162,-14263.273985776184,-11041.739409177231
296,57074.48656254847,52657.60304422415,18174.91867243274,-187500.02235174447,5889.4387947844025,8672.655662614783,10904.186773799274,1374.7440427236609,-122782.84851108176,-126664.2959909792,-187500.02235174447,1319.490530430142,-187500.02235174447,-146077.30014053587,-14270.270081790695,-11027.94838284831
297,57126.72258934052,52744.663088877576,18169.01781189654,-187500.02235174447,5872.451468998369,8659.244615941598,10907.472480234204,1360.7294989501834,-122806.18373229312,-126684.18904354442,-187500.02235174447,1316.9647833066922,-187500.02235174447,-146102.51290828144,-14255.674392661382,-11033.13398756194
298,57072.56431252531,52649.7799336648,18183.65820451477,-187500.02235174447,5885.706053460366,8666.844209056402,10897.257733018128,1369.2455135876553,-122782.15560700365,-126657.07637752012,-187500.02235174447,1294.7024458292062,-187500.02235174447,-146069.09705032076,-14274.583968470572,-11036.687914930337
299,57123.79451081688,52727.25107994689,18181.31127134696,-187500.02235174447,5873.010262609752,8650.974470493135,10902.86802087641,1349.1959988112449,-122823.55103773488,-126701.3551832861,-187500.02235174447,1312.1815099932564,-187500.02235174447,-146119.72375151204,-14258.177788040375,-11036.7549701637
300,57076.58762652727,52655.39022152308,18183.76996323705,-187500.02235174447,5884.633169726511,8657.56823510745,10884.9195700788,1349.1065918334236,-122786.983583806,-126657.65752287598,-187500.02235174447,1301.8550040549046,-187500.02235174447,-146067.8230008868,-14266.58204395557,-11040.934746376844
301,57125.31442943984,52717.461015875466,18180.819532968944,-187500.02235174447,5888.298855817182,8649.56631059245,10904.902029621844,1348.5701499664965,-122827.5519999924,-126698.22593906237,-187500.02235174447,1304.6266203673626,-187500.02235174447,-146118.04737067787,-14254.48975020525,-11039.28071728715
302,57066.28347233337,52654.56320697823,18175.16454162175,-187500.02235174447,5870.149239319473,8644.492464601095,10884.405479956327,1345.5973679539404,-122783.76493260443,-126650.10263325008,-187500.02235174447,1275.099965941902,-187500.02235174447,-146063.1291345512,-14269.599529457037,-11056.111580861996
303,57095.07251919181,52684.76041373735,18177.869102700843,-187500.02235174447,5869.299873030171,8636.065856941445,10883.980796811677,1336.768428894094,-122841.58889551031,-126711.63698573556,-187500.02235174447,1281.581971833941,-187500.02235174447,-146134.67706855264,-14265.553863710627,-11055.597490739525
304,57078.733393994975,52659.54764599176,18184.75343999308,-187500.02235174447,5881.772146436232,8646.347659390887,10883.82433460049,1349.93360637827,-122784.70370587157,-126651.0414065172,-187500.02235174447,1275.4128903642763,-187500.02235174447,-146063.75498339595,-14268.14666606744,-11061.297185575628
305,57102.96268498453,52674.97034966593,18190.36372785136,-187500.02235174447,5888.6117802395565,8654.483694372619,10908.053625590042,1349.93360637827,-122833.4975640175,-126697.98006987336,-187500.02235174447,1282.8560212678935,-187500.02235174447,-146127.41275160466,-14252.05341005962,-11039.370124264971
306,57087.53998131037,52663.50390476035,18179.478428301623,-187500.02235174447,5871.222123053328,8651.734429804616,10883.243189244651,1346.4914377321527,-122777.23822322348,-126634.85874353156,-187500.02235174447,1262.6276925358409,-187500.02235174447,-146057.18357052607,-14270.761820168713,-11063.822932699077
307,57088.65756853313,52643.36498300612,18186.966262694157,-187500.02235174447,5873.8819806435085,8647.979336736124,10891.423927715294,1338.8024376395272,-122836.22447684105,-126694.49319773832,-187500.02235174447,1280.486736355631,-187500.02235174447,-146126.27281263744,-14266.023250344188,-11041.359429521492
308,57100.280475649895,52663.14627684907,18194.07411743094,-187500.02235174447,5875.111326588551,8643.084304700411,10874.861285073912,1341.8646266299045,-122788.54820591786,-126640.82665930114,-187500.02235174447,1272.3730531183546,-187500.02235174447,-146065.49841946346,-14267.63257594497,-11059.576101252567
309,57105.53313559689,52631.49620670035,18203.03716695752,-187500.02235174447,5901.464033301358,8661.882121787325,10917.284896050083,1360.7294989501834,-122836.5374012634,-126687.83237789063,-187500.02235174447,1276.1728496757569,-187500.02235174447,-146124.10469342527,-14251.785189126158,-11038.118426575476
310,57110.53992635488,52665.49321001687,18181.93712019171,-187500.02235174447,5864.963634605841,8646.414714624252,10884.293721234051,1343.5410074640522,-122785.88834832767,-126637.76447031077,-187500.02235174447,1260.7501460015949,-187500.02235174447,-146062.34682349526,-14254.221529271786,-11056.513912262191
311,57083.226094630496,52610.75378784583,18200.57847506744,-187500.02235174447,5907.83428047112,8666.173656722744,10912.032236103089,1359.388394282865,-122839.39842455368,-126689.97814535836,-187500.02235174447,1266.1145646708685,-187500.02235174447,-146115.7898444879,-14251.852244359525,-11037.313763775082
312,57107.81301353133,52670.65646298605,18184.41816382625,-187500.02235174447,5878.508791745758,8650.99682223759,10886.171267768295,1343.8539318864266,-122801.80279037986,-126650.03557801672,-187500.02235174447,1262.001843691092,-187500.02235174447,-146064.89492236316,-14249.10297979152,-11051.7082872043
313,57074.53126603738,52592.112432970105,18191.9954051966,-187500.02235174447,5884.92374240443,8658.842284541402,10891.647445159846,1347.2737487880886,-122832.62584598374,-126680.18808128692,-187500.02235174447,1266.1145646708685,-187500.02235174447,-146102.02116990343,-14257.306070006618,-11037.51492947518
314,57114.13855721219,52663.77212569382,18171.49885553108,-187500.02235174447,5879.82754466862,8640.223281410132,10875.330671707472,1332.320431747488,-122803.233302025,-126648.6497698605,-187500.02235174447,1255.162209887768,-187500.02235174447,-146070.3710997547,-14255.741447894748,-11059.643156485934
315,57067.24459734495,52570.58770305964,18182.272396358538,-187500.02235174447,5887.78476569471,8661.725659576137,10884.53959042306,1348.257225544122,-122832.3352733058,-126676.7012091519,-187500.02235174447,1246.9367679282152,-187500.02235174447,-146106.15624262765,-14265.419753243894,-11050.903624403909
316,57125.67205735113,52662.49807625986,18168.906053174265,-187500.02235174447,5857.20757927985,8645.453589612674,10875.643596129848,1329.2358910126557,-122817.67252894312,-126658.10455776508,-187500.02235174447,1263.2088378916787,-187500.02235174447,-146091.2252773315,-14258.11073280701,-11058.6596797299
317,57072.653719503134,52557.37782208656,18194.25293138658,-187500.02235174447,5880.319283046638,8656.249482184587,10881.142125265853,1341.350536507432,-122820.60060746678,-126656.80815658667,-187500.02235174447,1266.4498408376985,-187500.02235174447,-146096.61204774524,-14270.962985868811,-11049.026077869665
318,57125.18031897311,52648.90821563104,18182.808838225465,-187500.02235174447,5864.337785761093,8630.120292916334,10868.401630926328,1314.8860710723486,-122820.8911801447,-126655.31058970816,-187500.02235174447,1262.873561724849,-187500.02235174447,-146103.0940536373,-14258.557767696117,-11063.957043165808
319,57078.93455969507,52549.28649059373,18210.904981005788,-187500.02235174447,5895.473765787336,8657.523531618539,10891.602741670937,1344.2339115421669,-122817.76193592096,-126649.23091521632,-187500.02235174447,1261.3089396129776,-187500.02235174447,-146096.32147506732,-14270.650061446437,-11049.42840926986
320,57136.5350051564,52635.94420384696,18205.473507103143,-187500.02235174447,5861.521465959724,8642.61491806685,10896.788346384566,1324.2961554880328,-122841.9465234216,-126670.26390674878,-187500.02235174447,1268.5062013275865,-187500.02235174447,-146125.26698413695,-14254.243881016242,-11053.22820582726
321,57088.38934759968,52545.620804503065,18220.22565844365,-187500.02235174447,5891.741024463299,8660.205740953177,10898.464727218716,1343.228083041678,-122814.31976727484,-126634.389356898,-187500.02235174447,1262.0912506689133,-187500.02235174447,-146091.2923325649,-14260.323555508085,-11045.785074923644
322,57143.59815640428,52620.54385191725,18206.59109432591,-187500.02235174447,5881.59333248059,8652.382630393819,10903.739738910168,1333.840350370449,-122838.21378209756,-126660.40678744398,-187500.02235174447,1274.2505996526004,-187500.02235174447,-146122.00362944647,-14240.184633753854,-11045.382743523449
323,57084.81306848682,52531.74037119632,18204.31121639147,-187500.02235174447,5877.92764638992,8645.744162290594,10884.316072978509,1336.902539360826,-122809.06710732784,-126635.17166795394,-187500.02235174447,1254.2681401095558,-187500.02235174447,-146084.720919695,-14263.475151476285,-11058.212644840794
324,57132.04230452089,52602.28247669727,18205.11587919186,-187500.02235174447,5870.283349786205,8647.353487891376,10900.856363875431,1332.7004114032284,-122856.51986080644,-126684.39020924452,-187500.02235174447,1271.0095967065809,-187500.02235174447,-146139.46034186607,-14243.604450655515,-11047.461455757792
325,57098.69350179357,52550.73935398333,18205.875838503343,-187500.02235174447,5877.391204522992,8657.411772896263,10897.280084762584,1343.6527661863288,-122810.92230211764,-126633.1376592085,-187500.02235174447,1258.134991900324,-187500.02235174447,-146078.90946613665,-14253.662735660404,-11056.133932606452
326,57142.569976159335,52599.62261910708,18210.592056583413,-187500.02235174447,5891.718672718844,8658.61876709685,10905.416119744315,1340.0541353290243,-122848.62969501372,-126675.74008414031,-187500.02235174447,1282.6325038233406,-187500.02235174447,-146124.75289401447,-14240.095226776031,-11040.107731831997
327,57093.53024882439,52546.69368823692,18206.099355947896,-187500.02235174447,5884.5661144931455,8653.433162383219,10890.775727126089,1341.7305161631723,-122799.72407814552,-126626.72270854985,-187500.02235174447,1261.2418843796115,-187500.02235174447,-146064.44788747406,-14254.53445369416,-11053.89875816092
328,57114.67499907912,52567.771383258274,18204.37827162484,-187500.02235174447,5870.506867230758,8642.749028533583,10890.73102363718,1321.032800797558,-122863.4489015876,-126692.54859597071,-187500.02235174447,1262.4041750912877,-187500.02235174447,-146141.67316456715,-14253.48392170476,-11052.222377326772
329,57105.3319698968,52554.56150228519,18213.74365255161,-187500.02235174447,5877.190038822894,8645.721810546138,10889.322863736495,1331.35930673591,-122807.05545032686,-126629.5390283512,-187500.02235174447,1263.8793902253378,-187500.02235174447,-146069.38762299868,-14256.814331628602,-11060.7607437087
330,57120.419397404126,52562.02698493326,18220.8515072884,-187500.02235174447,5880.49809700228,8653.18729319421,10908.478308734691,1337.8189608834937,-122854.32938984984,-126675.38245622904,-187500.02235174447,1279.3020938994998,-187500.02235174447,-146131.25725165097,-14242.598622155028,-11041.784112666144
331,57108.12593795371,52563.43514483394,18207.41810887076,-187500.02235174447,5880.811021424654,8644.313650645454,10882.684395633269,1328.2300625121668,-122795.32078448782,-126612.14937116495,-187500.02235174447,1264.840515236916,-187500.02235174447,-146064.2690735184,-14247.87363384648,-11059.978432652764
332,57103.16385068463,52532.83560667463,18212.648417073306,-187500.02235174447,5879.849896413076,8640.603261065873,10894.8213928725,1323.1338647763569,-122856.87748871774,-126676.23182251834,-187500.02235174447,1267.4109658492764,-187500.02235174447,-146138.20864417657,-14252.031058315166,-11052.66941221588
333,57112.12690021121,52563.792772745226,18196.823381998944,-187500.02235174447,5871.624454453523,8625.292316113988,10876.984700797166,1308.515823902586,-122813.5374562189,-126628.84612427308,-187500.02235174447,1259.4313930787318,-187500.02235174447,-146076.96486436902,-14261.217625286296,-11074.305900848616
334,57098.29117039337,52521.50327223579,18209.563876338467,-187500.02235174447,5878.508791745758,8644.715982045649,10890.887485848369,1321.4127804532982,-122860.23025038604,-126671.29208699372,-187500.02235174447,1257.777363989039,-187500.02235174447,-146129.75968477246,-14272.25938704722,-11063.554711765612
335,57123.6827520946,52581.11537469809,18202.52307683505,-187500.02235174447,5866.416497995437,8640.670316299238,10887.266503246608,1321.681001386762,-122805.44612472608,-126616.30679563366,-187500.02235174447,1260.4372215792205,-187500.02235174447,-146066.95128285306,-14257.641346173448,-11066.57219726708
336,57091.0268534454,52516.22826054433,18216.984655497632,-187500.02235174447,5879.984006879808,8649.119275703344,10894.039081816563,1326.1513502778234,-122851.22249737056,-126663.80425260118,-187500.02235174447,1267.8356489939272,-187500.02235174447,-146115.23105087652,-14263.832779387569,-11048.020249369174
337,57130.99177253149,52596.40396790552,18208.558047837974,-187500.02235174447,5879.6934342018885,8640.200929665676,10894.73198589468,1323.2679752430888,-122815.57146496432,-126627.34855739458,-187500.02235174447,1267.1203931713574,-187500.02235174447,-146069.16410555414,-14251.472264703783,-11060.179598352865
338,57084.053109175344,52509.58979244111,18218.30340842049,-187500.02235174447,5867.511733473746,8656.875331029336,10904.186773799274,1335.449675971231,-122841.47713678805,-126651.62255187304,-187500.02235174447,1267.8132972494718,-187500.02235174447,-146098.26607683493,-14256.389648483952,-11044.399266767416
339,57137.965516801545,52595.75576731632,18207.46281235967,-187500.02235174447,5879.894599901986,8637.272851142032,10892.139183537864,1315.3107542169994,-122816.53258997592,-126627.72853705032,-187500.02235174447,1270.3837478618325,-187500.02235174447,-146068.98529159848,-14240.408151198406,-11054.591662239036
340,57074.64302475966,52495.77641436773,18217.74461480911,-187500.02235174447,5896.1890216099055,8644.0901332009,10895.603703928437,1325.614908410896,-122840.85128794328,-126649.87911580552,-187500.02235174447,1257.3973843332988,-187500.02235174447,-146094.30981806634,-14259.138913051953,-11052.781170938157
341,57128.71189459704,52595.666360338495,18207.9992542266,-187500.02235174447,5883.850858670576,8634.769455763037,10899.917590608313,1320.7198763751835,-122837.92320941963,-126649.78970882772,-187500.02235174447,1266.1592681597792,-187500.02235174447,-146088.8336406748,-14244.476168689273,-11056.80448494011
342,57074.64302475966,52501.99019932631,18217.297579920003,-187500.02235174447,5891.986893652308,8654.081362972423,10900.610494686423,1334.3320887484658,-122828.46842151503,-126643.06183374666,-187500.02235174447,1267.7015385271957,-187500.02235174447,-146076.20490505756,-14252.00870657071,-11044.66748770088
343,57124.57682187281,52594.34760741564,18199.349129122395,-187500.02235174447,5866.30473927316,8632.310763872954,10890.619264914903,1312.5391379045411,-122833.43050878412,-126647.8004035712,-187500.02235174447,1266.2039716486895,-187500.02235174447,-146087.47018426302,-14247.426598957372,-11057.072705873574
344,57067.11048687822,52501.58786792611,18213.98952174062,-187500.02235174447,5888.298855817182,8648.895758258792,10890.842782359456,1326.6654404002954,-122825.87561915824,-126638.50207787778,-187500.02235174447,1241.0806108809247,-187500.02235174447,-146075.2214283015,-14261.77641889768,-11062.928862920864
345,57119.39121715918,52592.112432970105,18199.70675703368,-187500.02235174447,5870.708032930856,8625.269964369532,10884.67370088979,1301.095044743424,-122849.9484479366,-126665.25711599078,-187500.02235174447,1252.4800005531313,-187500.02235174447,-146105.37393157172,-14253.618032171493,-11063.510008276702
346,57066.46228628902,52508.58396394062,18211.709643806174,-187500.02235174447,5883.11325110355,8642.100827944378,10884.740756123158,1319.2446612411334,-122821.02529061143,-126632.86943827504,-187500.02235174447,1241.7958667034943,-187500.02235174447,-146070.86283813274,-14268.213721300808,-11064.85111294402
347,57116.150214213165,52583.95404624392,18209.09448970491,-187500.02235174447,5869.612797452545,8630.23205163861,10896.341311495462,1306.9959052796253,-122854.68701776113,-126664.98889505732,-187500.02235174447,1256.100983154891,-187500.02235174447,-146114.15816714265,-14253.43921821585,-11056.625670984467
348,57065.52351302189,52507.73459765132,18212.00021648409,-187500.02235174447,5886.711881960855,8637.094037186389,10890.798078870544,1317.5906321514408,-122818.05250859888,-126624.39812712648,-187500.02235174447,1234.352735799877,-187500.02235174447,-146065.0737363188,-14265.620918943992,-11068.673261245878
349,57100.83926926128,52557.73544999784,18192.509495319067,-187500.02235174447,5849.831503609598,8620.665505011739,10896.050738817545,1294.5459836180191,-122879.78802678444,-126685.88777612304,-187500.02235174447,1235.380916044821,-187500.02235174447,-146137.5380918429,-14263.028116587177,-11066.728659478267
350,57067.89279793415,52520.60920245758,18210.32383564995,-187500.02235174447,5899.07239664464,8635.775284263525,10889.322863736495,1317.5235769180747,-122827.8425726703,-126630.32133940714,-187500.02235174447,1229.5694624864416,-187500.02235174447,-146073.70150967856,-14275.790962671155,-11079.759726495711
351,57098.20176341555,52560.55176979921,18209.630931571835,-187500.02235174447,5877.324149289626,8636.177615663722,10906.35489301144,1311.555661148508,-122866.6004975558,-126671.33679048264,-187500.02235174447,1259.5431518010082,-187500.02235174447,-146127.50215858247,-14246.44312220134,-11048.824912169566
352,57064.830608943776,52531.74037119632,18192.66595753025,-187500.02235174447,5877.726480689822,8633.361295862353,10890.708671892724,1313.8578908274044,-122819.90770338866,-126621.96178698086,-187500.02235174447,1234.4421427776986,-187500.02235174447,-146067.44302123107,-14271.521779480194,-11073.501238048226
353,57087.38351909918,52547.6548132485,18203.86418150237,-187500.02235174447,5888.857649428564,8631.595508050385,10902.376282498391,1309.3428384474323,-122882.38082914124,-126689.82168314717,-187500.02235174447,1241.0806108809247,-187500.02235174447,-146141.80727503388,-14260.815293886102,-11058.883197174457
354,57079.82862947329,52550.53818828323,18199.952626222686,-187500.02235174447,5875.871285900032,8636.490540086095,10886.797116613045,1315.1095885169016,-122822.76872667894,-126632.02007198574,-187500.02235174447,1241.9970324035924,-187500.02235174447,-146071.44398348857,-14262.022288086688,-11069.120296134985
355,57085.237751631474,52535.0484293757,18198.16448666626,-187500.02235174447,5869.568093963635,8635.037676696502,10903.78444239908,1312.360323948899,-122868.12041617876,-126681.46213072089,-187500.02235174447,1257.48679131112,-187500.02235174447,-146127.09982718228,-14255.383819983464,-11048.981374380754
356,57078.66633876161,52554.65090926301,18185.98278593812,-187500.02235174447,5868.942245118886,8616.999818921067,10874.816581585,1301.3409139324324,-122819.50537198847,-126630.32133940714,-187500.02235174447,1244.4110208047657,-187500.02235174447,-146063.86674211823,-14264.838607888058,-11073.702403748322
357,57060.31555656381,52519.2457460458,18194.431745342223,-187500.02235174447,5876.832410911609,8628.846243482381,10892.988549827163,1314.2825739720554,-122881.3526488963,-126693.26385179328,-187500.02235174447,1240.7676864585503,-187500.02235174447,-146135.34762088628,-14267.476113733785,-11058.704383218812
358,57083.40490858614,52569.42541234796,18195.90696047628,-187500.02235174447,5891.048120385185,8630.008534194058,10884.561942167516,1318.484701929653,-122881.3526488963,-126693.26385179328,-187500.02235174447,1240.7676864585503,-187500.02235174447,-146135.34762088628,-14267.476113733785,-11058.704383218812
359,57055.35346929473,52504.11361504956,18200.6455303008,-187500.02235174447,5893.439757041902,8636.155263919267,10898.755299896637,1320.518710675086,-122881.3526488963,-126693.26385179328,-187500.02235174447,1240.7676864585503,-187500.02235174447,-146135.34762088628,-14267.476113733785,-11058.704383218812
360,57085.1259929092,52576.510915340295,18184.373460337338,-187500.02235174447,5873.747870176777,8629.09211267139,10883.287892733562,1308.4040651803095,-122830.97181689405,-126641.9889500128,-187500.02235174447,1241.2370730921118,-187500.02235174447,-146085.54793423988,-14257.931918851367,-11065.722830977778
361,57041.42833249907,52488.2885799752,18191.503666818586,-187500.02235174447,5872.965559120841,8630.969659205635,10879.82337234299,1310.5721843924744,-122874.8035877709,-126686.64773543453,-187500.02235174447,1232.6763549657292,-187500.02235174447,-146133.47007435205,-14268.660756189916,-11058.838493685544
362,57086.60120804325,52572.15232517151,18186.519227805045,-187500.02235174447,5858.97336709182,8615.457548553652,10883.086727033464,1303.5760883779633,-122853.43532007164,-126665.7935578577,-187500.02235174447,1236.3867445453102,-187500.02235174447,-146107.69851299506,-14262.558729953616,-11070.99784266923
363,57043.350582522224,52492.91539107745,18209.00508272709,-187500.02235174447,5883.336768548104,8634.970621463135,10904.097366821452,1324.676135143773,-122867.87454698975,-126682.2444417768,-187500.02235174447,1237.459628279165,-187500.02235174447,-146126.85395799327,-14260.077686319077,-11057.475037273767
364,57095.36309186972,52588.87143002408,18201.27137914555,-187500.02235174447,5896.390187310003,8625.09115041389,10901.34810225345,1315.4895681726418,-122841.56654376586,-126656.62934263104,-187500.02235174447,1249.9319016852262,-187500.02235174447,-146100.92593442512,-14233.590869139538,-11056.558615751102
365,57030.43127422706,52476.30804494716,18199.7961640115,-187500.02235174447,5885.3260738046265,8627.505138815062,10885.903046834832,1310.3710186923763,-122863.6947707766,-126680.43395047594,-187500.02235174447,1228.2507095635783,-187500.02235174447,-146120.23784163452,-14255.875558361478,-11059.687859974843
366,57084.902475464645,52578.187296174445,18194.789373253512,-187500.02235174447,5884.610817982057,8633.987144707102,10895.335482994971,1309.8345768254492,-122873.44013135912,-126692.79446515972,-187500.02235174447,1235.0679916224472,-187500.02235174447,-146133.60418481877,-14246.890157090444,-11066.594549011535
367,57029.00076258192,52486.880420074514,18207.84279201541,-187500.02235174447,5878.441736512392,8650.259214670565,10903.650331932347,1331.35930673591,-122852.27302935996,-126673.97429632836,-187500.02235174447,1234.263328822056,-187500.02235174447,-146110.2913153519,-14257.39547698444,-11054.636365727943
368,57088.70227202205,52582.99292123234,18199.88557098932,-187500.02235174447,5892.456280285869,8629.025057438022,10893.770860883102,1309.3428384474323,-122866.64520104472,-126688.07824707964,-187500.02235174447,1249.2166458626564,-187500.02235174447,-146129.26794639445,-14238.217680241783,-11054.725772705768
369,57028.01728582589,52484.2876177177,18200.57847506744,-187500.02235174447,5885.571942993634,8636.0882086859,10888.093517791453,1319.2446612411334,-122854.61996252777,-126669.68276139292,-187500.02235174447,1228.2730613080337,-187500.02235174447,-146108.41376881764,-14262.9163578649,-11058.994955896733
370,57089.998673200455,52573.87340949457,18195.52698082053,-187500.02235174447,5861.096782815073,8626.745179503581,10893.748509138646,1300.580954620952,-122890.4051054007,-126704.4620757654,-187500.02235174447,1245.7297737276283,-187500.02235174447,-146149.22805419302,-14252.187520526351,-11058.011479140698
371,57040.48955923194,52495.418786456445,18196.91278897677,-187500.02235174447,5878.35232953457,8631.014362694546,10880.382165954372,1305.5877453789408,-122858.26329687398,-126664.92183982396,-187500.02235174447,1230.754104942573,-187500.02235174447,-146104.94924842706,-14275.410983015418,-11070.6625665024
372,57085.170696398105,52565.78207800175,18200.623178556347,-187500.02235174447,5874.284312043705,8618.475034055118,10892.608570171426,1291.9308295167482,-122898.83171306035,-126698.89649139602,-187500.02235174447,1240.4324102917208,-187500.02235174447,-146155.0395077514,-14256.166131039396,-11064.33702282155
373,57038.47790223097,52498.54803068018,18198.20919015517,-187500.02235174447,5862.974329349319,8625.359371347353,10882.72909912218,1302.7714255775722,-122859.22442188556,-126651.4437379174,-187500.02235174447,1218.4606454921538,-187500.02235174447,-146102.91523968164,-14272.996994614245,-11076.608130527511
374,57081.68382426308,52547.69951673741,18203.640664057813,-187500.02235174447,5880.699262702377,8626.23108938111,10894.620227172403,1293.4730998841644,-122920.73642262656,-126712.9110351695,-187500.02235174447,1232.4304857767208,-187500.02235174447,-146174.88785682773,-14261.977584597778,-11063.644118743434
375,57052.89477740465,52519.2457460458,18201.181972167728,-187500.02235174447,5874.329015532615,8638.524548831529,10896.274256262095,1317.1883007512452,-122857.41393058468,-126646.10167099258,-187500.02235174447,1224.2050438171675,-187500.02235174447,-146099.60718150224,-14262.268157275696,-11064.113505376996
376,57076.34175733826,52543.787961457725,18202.165448923763,-187500.02235174447,5866.036518339696,8640.75972327706,10905.952561611242,1307.0853122574465,-122911.48280042206,-126700.03643036324,-187500.02235174447,1232.1175613543464,-187500.02235174447,-146166.32713870134,-14258.513064207204,-11056.826836684566
377,57056.67222221759,52525.21366181537,18203.283036146528,-187500.02235174447,5861.454410726358,8638.345734875886,10899.6717214193,1310.5721843924744,-122854.73172125003,-126644.13471748053,-187500.02235174447,1221.0534478489694,-187500.02235174447,-146099.741291969,-14258.0660293181,-11063.219435598783
378,57069.14449562365,52520.43038850193,18206.03230071453,-187500.02235174447,5874.083146343607,8622.878327712813,10900.945770853254,1298.032855753047,-122921.22816100458,-126717.87312243856,-187500.02235174447,1225.881424651316,-187500.02235174447,-146176.4077754507,-14257.35077349553,-11060.984261153251
379,57069.81504795731,52535.71898170936,18191.5930737964,-187500.02235174447,5861.58852119309,8632.310763872954,10893.815564372013,1304.4701581561756,-122859.93967770811,-126658.59629614308,-187500.02235174447,1229.725924697629,-187500.02235174447,-146099.741291969,-14261.999936342232,-11074.328252593072
380,57061.09786761974,52507.75694939577,18190.36372785136,-187500.02235174447,5875.647768455478,8634.210662151654,10903.359759254428,1299.4633673981866,-122911.7063178666,-126714.74387821482,-187500.02235174447,1236.6996689676844,-187500.02235174447,-146163.6449293667,-14269.39836375694,-11064.672298988378
381,57074.08423114828,52547.61010975959,18184.127591148328,-187500.02235174447,5883.001492381274,8632.109598172856,10899.023520830098,1299.5751261204632,-122865.08057893284,-126669.32513348165,-187500.02235174447,1231.9610991431591,-187500.02235174447,-146106.5362222834,-14262.603433442526,-11079.804429984622
382,57055.48757976146,52498.43627195791,18187.52505630553,-187500.02235174447,5885.728405204822,8641.251461655076,10908.500660479149,1303.5090331445972,-122913.09212602284,-126725.29390159772,-187500.02235174447,1238.554863757475,-187500.02235174447,-146162.43793516612,-14265.68797417736,-11066.013403655696
383,57084.45544057553,52563.63631053404,18177.77969572302,-187500.02235174447,5881.682739458411,8650.23686292611,10898.375320240892,1306.8170913239828,-122868.07571268984,-126684.904299367,-187500.02235174447,1239.314823068955,-187500.02235174447,-146106.8938501947,-14261.57525319758,-11076.630482271969
384,57053.364164038205,52494.77058586724,18190.050803428985,-187500.02235174447,5890.846954685087,8645.922976246236,10906.936038367276,1307.2417744686336,-122904.9113875522,-126724.95862543093,-187500.02235174447,1256.5033145550865,-187500.02235174447,-146149.60803384878,-14259.1165613075,-11051.261252315197
385,57086.69061502107,52570.8112205042,18181.445381813694,-187500.02235174447,5871.155067819961,8636.132912174811,10897.235381273673,1293.7189690731727,-122873.9542214816,-126692.79446515972,-187500.02235174447,1251.094192396902,-187500.02235174447,-146111.94534444157,-14260.189445041353,-11078.61978752849
386,57043.68585868906,52482.14185025,18203.417146613258,-187500.02235174447,5902.648675757489,8645.297127401487,10905.147898810852,1304.358399433899,-122907.52654165348,-126725.85269520912,-187500.02235174447,1245.9309394277263,-187500.02235174447,-146149.16099895968,-14263.58691019856,-11061.744220464734
387,57105.60019083026,52586.03275847826,18202.27720764604,-187500.02235174447,5890.914009918453,8650.66154607076,10916.882564649888,1309.7675215920833,-122886.001811743,-126702.87510190906,-187500.02235174447,1255.9445209437038,-187500.02235174447,-146122.51771956895,-14247.471302446284,-11063.867636187988
388,57055.08524836126,52490.948437565385,18212.40254788429,-187500.02235174447,5897.843050699598,8661.300976431487,10923.185756586285,1322.798588609527,-122894.8978060362,-126708.17246534496,-187500.02235174447,1262.6276925358409,-187500.02235174447,-146130.7431615285,-14252.120465292986,-11044.935708634344
389,57103.32031289582,52582.27766540977,18178.941986434696,-187500.02235174447,5888.656483728467,8634.590641807396,10904.052663332544,1292.3778644058543,-122894.74134382504,-126711.413468291,-187500.02235174447,1250.8706749523492,-187500.02235174447,-146134.9452894861,-14251.069933303588,-11070.036717657653
390,57048.5138354914,52486.72395786333,18194.141172664305,-187500.02235174447,5910.963524694864,8651.645022826795,10914.245058804165,1316.0483617840246,-122895.2554339475,-126715.10150612611,-187500.02235174447,1244.5674830159526,-187500.02235174447,-146133.87240575225,-14265.77738115518,-11066.706307733812
391,57102.69446405107,52583.507011354806,18174.82926545492,-187500.02235174447,5889.237629084305,8633.18248190671,10905.10319532194,1298.7481115756168,-122907.57124514238,-126733.9663784464,-187500.02235174447,1255.9221691992486,-187500.02235174447,-146152.22318795006,-14247.538357679648,-11069.790848468643
392,57044.93755637855,52487.81919334164,18183.97112893714,-187500.02235174447,5911.812890984165,8651.846188526892,10914.513279737626,1325.257280499611,-122887.18645419914,-126713.46982878089,-187500.02235174447,1250.937730185715,-187500.02235174447,-146126.65279229317,-14260.100038063532,-11064.024098399175
393,57098.35822562674,52577.65085430752,18169.39779155228,-187500.02235174447,5891.45045178538,8635.574118563429,10906.645465689358,1305.16306223429,-122914.32147196788,-126740.94012271643,-187500.02235174447,1258.8949512118045,-187500.02235174447,-146162.72850784403,-14247.471302446284,-11067.24274960074
394,57049.25144305843,52497.87747834653,18182.02652716953,-187500.02235174447,5903.207469368872,8651.779133293527,10915.384997771383,1325.1231700328792,-122889.26516643348,-126711.2123025909,-187500.02235174447,1248.166113873257,-187500.02235174447,-146126.67514403764,-14260.323555508085,-11066.460438544804
395,57093.91022848013,52571.16884841548,18164.145131605284,-187500.02235174447,5865.522428217224,8634.344772618386,10905.840802888966,1296.9152685302818,-122927.9560360856,-126753.7700240338,-187500.02235174447,1267.388614104821,-187500.02235174447,-146174.37376670525,-14246.197253012331,-11059.911377419396
396,57047.552710479824,52509.36627499656,18170.314213074947,-187500.02235174447,5903.229821113328,8644.157188434267,10892.742680638155,1305.386579678843,-122892.01443100147,-126713.38042180306,-187500.02235174447,1242.0864393814136,-187500.02235174447,-146126.76455101545,-14280.104849351032,-11085.839400987554
397,57099.54286808287,52581.58476133165,18190.877817973836,-187500.02235174447,5900.838184456609,8647.398191380285,10915.228535560196,1307.621754124374,-122922.16693427168,-126744.53875357375,-187500.02235174447,1274.58587581943,-187500.02235174447,-146167.8470573243,-14244.096189033531,-11056.648022728925
398,57051.93365239307,52522.91143213647,18186.385117338315,-187500.02235174447,5896.926629176931,8642.324345388932,10897.525953951592,1310.4380739257424,-122876.92700349416,-126698.11418034008,-187500.02235174447,1260.6383872793183,-187500.02235174447,-146111.5877165303,-14259.138913051953,-11066.326328078072
399,57074.44185905956,52554.6062057741,18180.68542250221,-187500.02235174447,5882.241533069794,8633.294240628988,10907.606590700936,1300.2456784541223,-122935.57798094489,-126760.27438167029,-187500.02235174447,1261.0183669350586,-187500.02235174447,-146183.1580022762,-14256.188482783851,-11061.923034420375
400,57056.98514663996,52533.41675203047,18187.12272490534,-187500.02235174447,5898.2453820997935,8657.545883362995,10912.188698314274,1320.317544974988,-122879.25158491753,-126700.84109316365,-187500.02235174447,1247.7861342175167,-187500.02235174447,-146114.20287063156,-14265.10682882152,-11070.796676969132
401,57067.73633572297,52541.26221433428,18167.40848629576,-187500.02235174447,5871.803268409165,8627.28162137051,10905.34906451095,1293.4283963952537,-122937.8131553904,-126760.02851248128,-187500.02235174447,1254.134029642824,-187500.02235174447,-146184.4544034546,-14262.82695088708,-11067.9133019344
402,57057.968623396,52548.52653128225,18167.47554152913,-187500.02235174447,5886.734233705311,8630.14264466079,10899.224686530197,1298.301076686511,-122879.76567503998,-126699.07530535168,-187500.02235174447,1234.0845148664137,-187500.02235174447,-146112.68295200862,-14272.102924836032,-11088.901589977932
403,57063.98124265448,52531.49450200731,18172.66114624276,-187500.02235174447,5873.390242265492,8640.558557576962,10914.35681752644,1305.520690145575,-122941.41178624771,-126763.53773636075,-187500.02235174447,1242.3993638037878,-187500.02235174447,-146185.95197033312,-14265.509160221716,-11070.394345568937
404,57070.68676599107,52555.54497904122,18159.49596875858,-187500.02235174447,5879.4028615239695,8631.617859794838,10893.145012038352,1297.272896441567,-122886.8511780323,-126709.9606049014,-187500.02235174447,1250.1554191297794,-187500.02235174447,-146121.80246374637,-14266.179712555377,-11080.43027882937
405,57055.48757976146,52517.3458477671,18170.40362005277,-187500.02235174447,5888.544725006191,8637.608127308862,10909.484137235182,1301.4973761436197,-122937.47787922356,-126758.64270432506,-187500.02235174447,1254.4693058096536,-187500.02235174447,-146184.29794124342,-14268.884273634469,-11063.040621643142
406,57075.045356159855,52565.37974660155,18159.250099569574,-187500.02235174447,5879.06758535714,8633.271888884532,10894.195544027752,1297.809338308494,-122886.6500123322,-126706.0043461328,-187500.02235174447,1231.2905468095005,-187500.02235174447,-146127.21158590456,-14266.291471277653,-11082.553694552624
407,57051.57602448178,52508.829833129625,18169.35308806337,-187500.02235174447,5885.638998227,8646.951156491179,10913.887430892875,1312.5838413934518,-122934.23687627756,-126754.10530020062,-187500.02235174447,1236.453799778676,-187500.02235174447,-146182.93448483164,-14265.352698010527,-11063.934691421353
408,57080.96856844051,52578.2096479189,18153.79627392248,-187500.02235174447,5866.997643351275,8632.221356895132,10890.462802703716,1292.5343266170414,-122893.66846009118,-126716.4649625379,-187500.02235174447,1245.4839045386202,-187500.02235174447,-146139.21447267706,-14263.139875309453,-11074.6635287599
409,57047.12802733517,52508.22633602934,18184.149942892785,-187500.02235174447,5893.305646575171,8650.460380370663,10915.899087893857,1317.5906321514408,-122926.011434318,-126751.668960055,-187500.02235174447,1238.4431050351984,-187500.02235174447,-146181.16869701966,-14269.040735845654,-11066.23692110025
410,57096.078347692295,52593.83351729316,18179.56783527945,-187500.02235174447,5889.394091295492,8640.893833743792,10917.9778001282,1310.0804460144575,-122894.76369556948,-126721.89643644053,-187500.02235174447,1258.4479163226983,-187500.02235174447,-146143.50600761248,-14235.647229629423,-11062.8618076875
411,57044.31170753381,52502.23606851531,18171.87883518682,-187500.02235174447,5875.983044622308,8638.926880231724,10915.764977427125,1315.1095885169016,-122921.54108542694,-126751.75836703282,-187500.02235174447,1253.2846633535223,-187500.02235174447,-146170.7527841035,-14254.713267649802,-11055.552787250614
412,57089.641045289165,52590.59251434714,18149.817663409434,-187500.02235174447,5857.6322624245,8621.09018815639,10898.174154540797,1286.8793352698488,-122917.85304759182,-126752.25010541084,-187500.02235174447,1249.2389976071115,-187500.02235174447,-146165.2542549675,-14261.552901453126,-11081.391403840948
413,57039.43902724255,52500.26911500325,18167.36378280685,-187500.02235174447,5895.697283231889,8644.33600238991,10906.176079055796,1311.712123359695,-122922.3680999718,-126755.62521882358,-187500.02235174447,1248.523741784542,-187500.02235174447,-146168.763478847,-14271.34296552455,-11072.070726403086
414,57103.18620242908,52601.92484878598,18166.44736128418,-187500.02235174447,5886.577771494123,8643.844264011892,10915.630866960391,1312.9861727936477,-122913.8073818454,-126751.57955307716,-187500.02235174447,1271.747204273606,-187500.02235174447,-146164.4048886782,-14246.264308245696,-11061.14072336444
415,57036.22037604098,52500.13500453651,18163.787503694,-187500.02235174447,5903.900373446986,8642.212586666654,10911.987532614176,1320.7869316085496,-122904.19613172962,-126742.10241342812,-187500.02235174447,1260.236055879123,-187500.02235174447,-146150.9491385161,-14256.568462439593,-11061.14072336444
416,57093.06086219083,52591.77715680327,18156.70200070167,-187500.02235174447,5895.116137876051,8630.120292916334,10914.267410548617,1306.1912424792342,-122933.34280649936,-126773.84189055466,-187500.02235174447,1275.1893729197232,-187500.02235174447,-146184.4544034546,-14243.157415766407,-11064.113505376996
417,57036.01921034088,52508.44985347389,18156.612593723847,-187500.02235174447,5894.065605886652,8650.482732115119,10903.829145887988,1317.1212455178793,-122903.4585241626,-126744.60580880711,-187500.02235174447,1267.0756896824469,-187500.02235174447,-146150.32328967136,-14259.027154329677,-11063.532360021158
418,57085.9753591985,52589.3631684021,18146.37549476332,-187500.02235174447,5876.072451600129,8633.696572029183,10899.649369674848,1300.2009749652118,-122935.3097600114,-126777.30641094524,-187500.02235174447,1269.5790850614412,-187500.02235174447,-146189.64000816824,-14251.606375170515,-11068.650909501424
419,57041.22716679897,52518.53049022323,18159.853596669866,-187500.02235174447,5895.518469276246,8651.890892015803,10906.265486033615,1323.938527576748,-122899.72578283856,-126735.910980214,-187500.02235174447,1260.9513117016927,-187500.02235174447,-146138.85684476577,-14263.050468331632,-11066.862769945
420,57079.60511202874,52575.52743858426,18154.69034370069,-187500.02235174447,5880.945131891386,8625.828757980915,10907.606590700936,1297.518765630575,-122954.75577768752,-126794.00316405336,-187500.02235174447,1272.6859775407288,-187500.02235174447,-146200.74882516253,-14251.472264703783,-11064.024098399175
421,57046.658640701615,52524.31959203716,18167.11791361784,-187500.02235174447,5892.657445985967,8640.133874432311,10902.756262154136,1311.8238820819715,-122905.1572567412,-126744.29288438476,-187500.02235174447,1264.348776858899,-187500.02235174447,-146138.5439203434,-14267.833741645069,-11078.731546250769
422,57091.116260423216,52574.99099671734,18175.097486388386,-187500.02235174447,5893.3727018085365,8639.32921163192,10918.044855361564,1305.386579678843,-122947.08912933937,-126788.05760002825,-187500.02235174447,1293.7636725620837,-187500.02235174447,-146192.61279018078,-14245.079665789566,-11056.7597814512
423,57050.03375411437,52526.15243508249,18149.951773876164,-187500.02235174447,5894.512640775757,8635.596470307884,10903.6726836768,1313.5673181494851,-122901.42451541717,-126736.08979416965,-187500.02235174447,1265.0416809370138,-187500.02235174447,-146130.65375455067,-14260.457665974816,-11072.584816525556
424,57070.79852471335,52542.35744981259,18160.27827981452,-187500.02235174447,5886.041329627196,8634.56829006294,10911.58520121398,1306.459463412698,-122970.8713854398,-126806.98952758189,-187500.02235174447,1264.482887325631,-187500.02235174447,-146211.58942122335,-14260.770590397193,-11064.113505376996
425,57055.040544872354,52540.34579281161,18152.902204144262,-187500.02235174447,5872.11619283154,8637.049333697478,10896.944808595754,1308.4040651803095,-122913.13682951174,-126746.170430919,-187500.02235174447,1251.8988551972932,-187500.02235174447,-146145.1823884466,-14265.911491621911,-11079.04447067314
426,57068.94332992355,52543.363278313074,18167.564948506948,-187500.02235174447,5895.227896598327,8647.353487891376,10915.697922193756,1310.1698529922787,-122958.84614692284,-126788.70580061743,-187500.02235174447,1268.2156286496677,-187500.02235174447,-146202.98399960806,-14255.048543816632,-11057.631499484956
427,57057.94627165154,52542.06687713467,18142.598049950368,-187500.02235174447,5871.0656608421405,8629.472092327129,10892.317997493506,1294.9259632737594,-122912.53333241146,-126734.48046856889,-187500.02235174447,1245.7074219831732,-187500.02235174447,-146142.61193783427,-14256.30024150613,-11080.653796273924
428,57058.66152747411,52517.01057160027,18156.947869890675,-187500.02235174447,5860.716803159333,8640.066819198944,10912.9263058813,1304.1348819893458,-122975.56525177542,-126797.177111766,-187500.02235174447,1246.4003260612878,-187500.02235174447,-146216.8644329148,-14264.63744218796,-11068.29328159014
429,57074.97830092649,52561.06585992168,18155.852634412364,-187500.02235174447,5884.92374240443,8643.352525633874,10904.656160432836,1312.44973092672,-122920.89288483774,-126740.47073608288,-187500.02235174447,1250.133067385324,-187500.02235174447,-146150.23388269352,-14258.960099096312,-11073.322424092585
430,57054.3699925387,52509.70155116339,18166.87204442883,-187500.02235174447,5875.200733566372,8639.955060476668,10915.29559079356,1305.006600023103,-122966.8704231823,-126784.59307963766,-187500.02235174447,1260.0125384345697,-187500.02235174447,-146203.98982810855,-14256.881386861967,-11057.989127396242
431,57082.3767283412,52569.514819325785,18154.39977102277,-187500.02235174447,5878.598198723579,8634.724752274127,10896.54247719556,1302.7490738331169,-122921.94341682714,-126737.98969244836,-187500.02235174447,1249.4178115627542,-187500.02235174447,-146151.7538013165,-14260.770590397193,-11081.592569541046
432,57044.75874242291,52494.90469633397,18166.246195584084,-187500.02235174447,5888.544725006191,8639.753894776572,10918.804814673043,1312.6061931379072,-122967.25040283804,-126787.14117850555,-187500.02235174447,1250.289529596511,-187500.02235174447,-146200.0559210844,-14259.1165613075,-11057.787961696144
433,57085.68478652058,52576.04152870674,18149.12475933132,-187500.02235174447,5867.645843940479,8629.583851049407,10905.68434067778,1299.0833877424466,-122940.65182693624,-126761.72724505988,-187500.02235174447,1240.9017969252825,-187500.02235174447,-146164.31548170038,-14257.127256050975,-11078.060993917108
434,57039.19315805354,52498.1904027689,18154.667991956238,-187500.02235174447,5879.000530123774,8640.42444711023,10911.741663425168,1308.3593616913988,-122963.58471674738,-126781.9779255364,-187500.02235174447,1246.3332708279218,-187500.02235174447,-146189.99763607953,-14266.179712555377,-11065.633423999956
435,57099.83344076079,52598.99677026234,18147.06839884143,-187500.02235174447,5870.529218975213,8638.010458709057,10909.506488979638,1307.5994023799185,-122936.94143735664,-126753.52415484478,-187500.02235174447,1250.267177852056,-187500.02235174447,-146161.11918224327,-14256.836683373056,-11075.043508415642
436,57044.02113485589,52498.14569928,18169.53190201901,-187500.02235174447,5887.293027316693,8647.152322191278,10914.625038459902,1320.7198763751835,-122954.88988815428,-126771.9196405315,-187500.02235174447,1258.0232331780471,-187500.02235174447,-146181.59338016433,-14256.859035117512,-11050.389534281438
437,57091.33977786777,52588.40204339053,18141.81573889443,-187500.02235174447,5861.052079326163,8619.883193955802,10901.30339876454,1295.8647365408822,-122962.51183301352,-126777.68639060098,-187500.02235174447,1256.4362593217206,-187500.02235174447,-146189.37178723476,-14247.58306116856,-11068.360336823504
438,57034.09696031773,52492.31189397716,18147.761302919545,-187500.02235174447,5861.119134559529,8633.763627262548,10898.598837685448,1307.8229198244717,-122962.75770220254,-126772.23256495388,-187500.02235174447,1239.873616680338,-187500.02235174447,-146189.70706340158,-14273.354622525529,-11072.875389203477
439,57094.64783604716,52591.57599110318,18154.489178000596,-187500.02235174447,5869.836314897098,8625.918164958735,10917.128433838896,1303.9113645447928,-122961.66246672424,-126775.29475394424,-187500.02235174447,1257.3526808443885,-187500.02235174447,-146192.70219715862,-14254.422694971883,-11069.880255446466
440,57033.20289053952,52498.16805102445,18160.79236993699,-187500.02235174447,5874.172553321428,8639.351563376375,10913.68626519278,1319.6916961302395,-122951.96180963062,-126762.53190786028,-187500.02235174447,1244.8804074383268,-187500.02235174447,-146176.13955451723,-14261.57525319758,-11063.957043165808
441,57089.976321456,52586.792717789736,18149.817663409434,-187500.02235174447,5858.30281475816,8626.834586481404,10908.746529668157,1296.3341231744437,-122978.4262750657,-126791.11978901862,-187500.02235174447,1246.3556225723771,-187500.02235174447,-146209.2648398,-14255.026192072177,-11067.42156355638
442,57043.55174822232,52506.594658684095,18152.812797166443,-187500.02235174447,5867.44467824038,8639.575080820929,10911.808718658534,1311.5780128929632,-122952.36414103082,-126758.79916653624,-187500.02235174447,1232.8998724102823,-187500.02235174447,-146172.8538480823,-14277.757916183224,-11080.497334062737
443,57085.7741934984,52582.65764506551,18145.459073240647,-187500.02235174447,5854.592425178579,8622.185423634699,10915.608515215936,1293.5625068619856,-122982.6284030233,-126785.10716976014,-187500.02235174447,1249.1048871403798,-187500.02235174447,-146211.47766250107,-14260.480017719272,-11069.164999623896
444,57038.34379176424,52512.0931878201,18162.424047282228,-187500.02235174447,5881.034538869208,8633.85303424037,10905.147898810852,1308.292306458033,-122949.90544914072,-126748.09268094217,-187500.02235174447,1225.546148484486,-187500.02235174447,-146161.81208632138,-14277.10971559402,-11075.669357260387
445,57081.61676902972,52568.73250826985,18151.7846169215,-187500.02235174447,5848.065715797629,8626.23108938111,10907.53953546757,1298.8598702978934,-123002.05206895496,-126806.3860304816,-187500.02235174447,1252.2117796196676,-187500.02235174447,-146223.5699562514,-14261.195273541842,-11060.80544719761
446,57060.38261179717,52534.04260087521,18163.67574497172,-187500.02235174447,5860.426230481414,8641.363220377352,10897.794174885055,1310.0804460144575,-122947.9161438842,-126750.7748902768,-187500.02235174447,1246.176808616735,-187500.02235174447,-146158.8393043088,-14278.9202068949,-11072.920092692388
447,57088.00936794393,52571.6605867935,18161.664087970745,-187500.02235174447,5859.688622914389,8627.080455670412,10905.080843577489,1296.2670679410778,-122992.9772607061,-126797.31122223272,-187500.02235174447,1261.5771605464413,-187500.02235174447,-146219.2560695715,-14265.263291032708,-11066.035755400151
448,57053.45357101603,52538.73646721083,18163.228710082614,-187500.02235174447,5863.108439816051,8627.907470215257,10889.05464280303,1297.1164342303794,-122946.3738735168,-126748.00327396432,-187500.02235174447,1245.10392488288,-187500.02235174447,-146159.4428014091,-14270.806523657624,-11079.513857306703
449,57072.9219404366,52557.780153486754,18166.42500953973,-187500.02235174447,5864.628358439012,8616.262211354044,10904.611456943923,1292.2437539391226,-123015.7313365616,-126817.49484747589,-187500.02235174447,1253.2846633535223,-187500.02235174447,-146235.79636046843,-14262.715192164802,-11068.561502523602
450,57069.233902601474,52569.64892979252,18167.31907931794,-187500.02235174447,5872.49617248728,8640.849130254881,10909.059454090531,1322.6197746538849,-122952.3194375419,-126750.99840772134,-187500.02235174447,1260.9736634461478,-187500.02235174447,-146158.07934499733,-14258.669526418393,-11068.941482179342
451,57073.078402647785,52555.187351129935,18168.34725956288,-187500.02235174447,5880.073413857629,8645.788865779503,10921.26350656313,1314.4166844387871,-123004.6895748007,-126808.46474271594,-187500.02235174447,1274.2953031415109,-187500.02235174447,-146225.33574406337,-14243.157415766407,-11042.6558306999
452,57073.72660323699,52581.04831946472,18159.87594841432,-187500.02235174447,5871.378585264514,8644.112484945355,10906.35489301144,1313.9025943163151,-122950.95598113012,-126756.80986127972,-187500.02235174447,1259.878427967838,-187500.02235174447,-146160.67214735414,-14254.288584505151,-11065.05227864412
453,57049.60907096972,52535.406057286986,18151.69520994368,-187500.02235174447,5864.941282861386,8634.836510996403,10905.863154633422,1301.4303209102536,-123010.6351388258,-126818.0312893428,-187500.02235174447,1265.8910472263155,-187500.02235174447,-146230.38723831024,-14254.780322883167,-11048.959022636298
454,57075.80531547133,52587.8656015236,18144.609706951345,-187500.02235174447,5857.140524046484,8631.170824905734,10900.006997586132,1310.7286466036614,-122968.79267320546,-126773.39485566557,-187500.02235174447,1242.3993638037878,-187500.02235174447,-146180.3863859637,-14272.43820100286,-11083.939502708854
455,57050.48078900347,52529.594603728605,18165.106256616866,-187500.02235174447,5866.081221828606,8653.254348427576,10925.823262432012,1325.4360944552534,-122996.10650492983,-126802.69799264648,-187500.02235174447,1261.1748291462457,-187500.02235174447,-146220.77598819448,-14261.217625286296,-11049.271947058673
456,57078.35341433924,52595.48754638285,18148.32009653093,-187500.02235174447,5858.97336709182,8632.981316206613,10900.454032475238,1299.843347053927,-122955.80630967692,-126763.44832938294,-187500.02235174447,1257.039756422014,-187500.02235174447,-146176.8995138287,-14252.43338971536,-11062.23595884275
457,57043.171768566586,52515.6471151885,18173.577567765424,-187500.02235174447,5867.332919518104,8650.035697226012,10910.221744802207,1313.0755797714687,-122993.93838571769,-126802.16155077954,-187500.02235174447,1246.266215594556,-187500.02235174447,-146221.9606306506,-14272.751125425237,-11056.42450528437
458,57092.792641257365,52606.864584310606,18167.810817695958,-187500.02235174447,5851.351422232559,8629.337981860397,10912.747491925657,1304.6713238562731,-122974.06768489692,-126781.30737320274,-187500.02235174447,1257.620901777852,-187500.02235174447,-146196.14436580474,-14265.285642777162,-11064.71700247729
459,57050.43608551456,52518.26226928977,18195.102297675883,-187500.02235174447,5879.469916757335,8646.302955901976,10924.035122875586,1319.8258065969717,-122986.15997864724,-126796.73007687688,-187500.02235174447,1272.0601286959802,-187500.02235174447,-146214.33868579136,-14265.39740149944,-11047.483807502247
460,57103.856754762746,52614.12890125858,18183.76996323705,-187500.02235174447,5868.919893374431,8644.671278556738,10923.96806764222,1309.901632058815,-122972.03367615148,-126785.44244592696,-187500.02235174447,1277.8268787654497,-187500.02235174447,-146200.92763911816,-14245.213776256298,-11055.083400617052
461,57045.09401858974,52514.998914599295,18188.463829572655,-187500.02235174447,5861.744983404277,8647.956984991668,10918.022503617109,1313.679076871762,-122981.39905707826,-126793.91375707553,-187500.02235174447,1264.1923146477122,-187500.02235174447,-146209.08602584436,-14258.20013978483,-11051.775342437666
462,57096.10069943675,52610.61967737909,18163.787503694,-187500.02235174447,5847.5292739307015,8636.043505196989,10905.840802888966,1297.027027252558,-122995.01126945154,-126807.77183863784,-187500.02235174447,1265.0863844259245,-187500.02235174447,-146221.5582992504,-14257.328421751074,-11061.47599953127
463,57045.049315100834,52523.00083911429,18177.64558525629,-187500.02235174447,5865.097745072573,8651.33209840442,10906.73487266718,1316.584803650952,-122980.63909776678,-126792.93028031947,-187500.02235174447,1256.816238977461,-187500.02235174447,-146202.22404029657,-14273.265215547708,-11054.502255261214
464,57104.482603607496,52615.93939255946,18176.03625965551,-187500.02235174447,5852.960747833342,8648.582833836417,10913.216878559218,1310.0133907810916,-122990.8314932384,-126803.74852463588,-187500.02235174447,1272.6859775407288,-187500.02235174447,-146217.37852303727,-14251.315802492596,-11045.583909223546
465,57040.064876087294,52519.96100186837,18173.242291598595,-187500.02235174447,5860.470933970325,8645.52064484604,10898.844706874455,1312.7403036046392,-122975.74406573108,-126780.45800691344,-187500.02235174447,1255.0728029099469,-187500.02235174447,-146194.73620590405,-14269.15249456793,-11049.674278458868
466,57093.03851044637,52607.33397094416,18167.22967234012,-187500.02235174447,5855.888826356987,8642.1902349222,10906.77957615609,1301.586783121441,-123013.49616211608,-126820.7805539108,-187500.02235174447,1253.9775674316368,-187500.02235174447,-146241.0713721599,-14261.977584597778,-11059.598452997025
467,57050.19021632555,52541.61984224556,18183.635852770312,-187500.02235174447,5872.697338187378,8660.42925839773,10916.681398949791,1323.938527576748,-122968.56915576092,-126775.4735678999,-187500.02235174447,1264.1923146477122,-187500.02235174447,-146186.60017092232,-14262.87165437599,-11049.540167992136
468,57092.88204823519,52604.98703777636,18178.38319282332,-187500.02235174447,5862.169666548928,8648.694592558693,10929.265431078127,1310.7286466036614,-123005.76245853456,-126817.5395509648,-187500.02235174447,1279.972646233159,-187500.02235174447,-146237.8303692139,-14241.190462254342,-11038.207833553295
469,57048.78205642487,52543.67620273545,18182.76413473656,-187500.02235174447,5866.3717945065255,8651.175636193233,10916.860212905432,1318.328239718466,-122969.5749842614,-126778.60281212364,-187500.02235174447,1249.3731080738437,-187500.02235174447,-146190.69054015764,-14261.39643924194,-11059.106714619007
470,57091.58564705678,52603.98120927587,18188.97791969513,-187500.02235174447,5864.337785761093,8660.742182820104,10932.68524797979,1314.4613879276978,-123019.19585695218,-126831.79996392727,-187500.02235174447,1274.4294136082428,-187500.02235174447,-146253.74481126605,-14245.906680334412,-11041.560595221592
471,57057.38747804016,52565.42445009047,18173.197588109684,-187500.02235174447,5861.365003748537,8662.485618887618,10916.681398949791,1322.575071164974,-122951.73829218608,-126761.74959680434,-187500.02235174447,1267.6121315493742,-187500.02235174447,-146175.93838881713,-14255.339116494551,-11052.580005238058
472,57075.80531547133,52583.32819739917,18166.827340939923,-187500.02235174447,5864.181323549906,8650.773304793038,10931.612364245935,1309.4322454252535,-123014.32317666092,-126824.51329523484,-187500.02235174447,1264.9522739591926,-187500.02235174447,-146254.66123278873,-14259.451837474327,-11052.535301749149
473,57070.44089680206,52572.15232517151,18169.129570618818,-187500.02235174447,5876.608893467056,8656.383592651318,10925.800910687556,1314.2602222276,-123019.35231916336,-126825.36266152417,-187500.02235174447,1253.038794164514,-187500.02235174447,-146251.95667170963,-14264.235110787764,-11056.200987839817
474,57074.53126603738,52588.469098623886,18168.950756663176,-187500.02235174447,5875.245437055282,8657.456476385174,10921.464672263226,1319.3340682189546,-122972.39130406277,-126776.18882372246,-187500.02235174447,1257.2409221221117,-187500.02235174447,-146188.32125524536,-14258.714229907302,-11066.616900755993
475,57071.737297980464,52562.2057988889,18175.9915561666,-187500.02235174447,5885.236666826805,8656.361240906865,10936.440341048285,1320.004620552614,-123023.9344267767,-126828.02251911433,-187500.02235174447,1270.070823439458,-187500.02235174447,-146251.30847112043,-14250.53349143666,-11050.27777555916
476,57079.76157423992,52601.43311040797,18162.111122859853,-187500.02235174447,5871.333881775604,8645.163016934755,10915.58616347148,1314.0590565275022,-122974.04533315246,-126775.74178883336,-187500.02235174447,1260.258407623578,-187500.02235174447,-146189.01415932347,-14253.10394204902,-11069.992014168742
477,57060.51672226391,52552.28162435075,18170.135399119303,-187500.02235174447,5887.78476569471,8660.093982230901,10938.787274216087,1326.0842950444571,-123029.2317902126,-126833.1857720835,-187500.02235174447,1264.3934803478098,-187500.02235174447,-146251.06260193142,-14258.803636885124,-11053.362316293991
478,57091.54094356787,52615.76057860382,18158.17721583572,-187500.02235174447,5869.612797452545,8657.657642085273,10931.657067734846,1328.2747660010775,-122982.69545825668,-126784.9730592934,-187500.02235174447,1270.651968795296,-187500.02235174447,-146194.28917101494,-14249.415904213894,-11059.419639041382
479,57053.74414369395,52539.54113001122,18169.80012295248,-187500.02235174447,5886.488364516302,8656.070668228946,10926.337352554485,1324.3185072324882,-123015.01608073903,-126818.8359521432,-187500.02235174447,1271.9930734626143,-187500.02235174447,-146235.48343604608,-14261.709363664311,-11048.914319147389
480,57093.53024882439,52614.263011725314,18160.993535637088,-187500.02235174447,5879.916951646442,8651.868540271347,10917.821337917012,1318.9764403076697,-122988.1269321593,-126789.59987039566,-187500.02235174447,1271.2554658955892,-187500.02235174447,-146204.1015868308,-14249.997049569733,-11063.733525721256
481,57046.43512325706,52533.08147586363,18164.36864904984,-187500.02235174447,5882.912085403453,8659.155208963777,10928.572527000017,1326.6207369113847,-123021.45338314216,-126826.681414447,-187500.02235174447,1265.3099018704777,-187500.02235174447,-146241.9207384492,-14257.283718262162,-11051.261252315197
482,57097.91119073763,52626.48941594237,18149.750608176066,-187500.02235174447,5874.105498088062,8647.062915213457,10920.615305973924,1313.7684838495832,-123001.7391445326,-126808.91177760504,-187500.02235174447,1259.9678349456592,-187500.02235174447,-146221.6700579727,-14251.695782148336,-11069.47792404627
483,57043.350582522224,52527.33707753862,18162.15582634876,-187500.02235174447,5889.461146528858,8660.630424097828,10922.984590886188,1326.196053766734,-123010.45632487016,-126815.7290596639,-187500.02235174447,1257.5091430555754,-187500.02235174447,-146231.7283429776,-14261.374087497485,-11057.922072162875
484,57099.855792505245,52624.03072405228,18160.390038536792,-187500.02235174447,5872.339710276093,8648.404019880774,10923.431625775293,1318.6188123963848,-123003.97431897811,-126810.16347529454,-187500.02235174447,1266.002805948592,-187500.02235174447,-146228.2191190981,-14251.29345074814,-11062.95121466532
485,57041.94242262154,52523.13494958103,18160.59120423689,-187500.02235174447,5884.49905925978,8652.315575160454,10924.34804729796,1325.0784665439685,-123003.6390428113,-126809.15764679405,-187500.02235174447,1261.1301256573352,-187500.02235174447,-146227.1238836198,-14263.475151476285,-11060.067839630585
486,57099.96755122752,52621.39321820656,18150.532919232,-187500.02235174447,5863.354309005059,8647.107618702366,10919.050683862051,1306.7500360906167,-123018.32413891844,-126825.51912373531,-187500.02235174447,1261.3983465907988,-187500.02235174447,-146245.0723344174,-14253.506273449217,-11071.131953135962
487,57036.82387314128,52523.64903970349,18166.78263745101,-187500.02235174447,5885.929570904919,8663.804371810482,10915.899087893857,1325.681963644262,-122994.2289583956,-126800.57457692322,-187500.02235174447,1258.649082022796,-187500.02235174447,-146219.09960736032,-14268.63840444546,-11064.00174665472
488,57094.51372558042,52614.955915803424,18169.710715974656,-187500.02235174447,5885.795460438188,8660.675127586737,10934.696904980769,1324.2067485102116,-123019.91111277476,-126827.66489120304,-187500.02235174447,1282.0513584675025,-187500.02235174447,-146255.66706128922,-14234.52964240666,-11046.299165046115
489,57035.48276847396,52526.57711822714,18170.06834388594,-187500.02235174447,5895.518469276246,8666.508932889574,10924.772730442612,1334.354440492921,-122989.64685078229,-126797.04300129927,-187500.02235174447,1264.3934803478098,-187500.02235174447,-146217.73615094856,-14247.314840235096,-11048.132008091452
490,57085.28245512038,52598.2144592064,18158.11016060235,-187500.02235174447,5879.492268501791,8651.466208871152,10927.454939777248,1313.5896698939407,-123035.22205772664,-126848.16144086856,-187500.02235174447,1273.4459368522091,-187500.02235174447,-146274.28606442048,-14242.285697732652,-11046.23210981275
491,57037.18150105256,52533.97554564185,18158.55719549146,-187500.02235174447,5888.589428495101,8659.803409552982,10923.856308919943,1328.45357995672,-122991.61380429432,-126802.429771713,-187500.02235174447,1253.4634773091648,-187500.02235174447,-146218.9207934047,-14263.519854965194,-11063.845284443532
492,57078.06284166132,52588.78202304626,18156.45613151266,-187500.02235174447,5883.873210415031,8643.441932611697,10934.965125914232,1315.8024925950162,-123037.5913426389,-126851.0895193922,-187500.02235174447,1262.7394512581172,-187500.02235174447,-146280.9245325237,-14246.845453601534,-11056.826836684566
493,57040.46720748749,52541.99982190131,18151.42698901021,-187500.02235174447,5885.2143150823495,8653.65667982777,10914.44622450426,1321.4127804532982,-122990.69738277169,-126804.17320778052,-187500.02235174447,1244.2769103380335,-187500.02235174447,-146223.9722876516,-14260.569424697092,-11069.8132002131
494,57070.44089680206,52569.246598392325,18156.143207090285,-187500.02235174447,5885.236666826805,8649.208682681166,10923.386922286383,1312.360323948899,-123049.54952592248,-126868.05449343378,-187500.02235174447,1256.525666299542,-187500.02235174447,-146296.77191934251,-14254.690915905348,-11058.19029309634
495,57047.61976571319,52543.13976086852,18153.34923903337,-187500.02235174447,5869.076355585618,8648.225205925131,10906.511355222628,1315.7354373616502,-122997.1793886637,-126814.00797534084,-187500.02235174447,1254.4469540651985,-187500.02235174447,-146235.9304709352,-14265.44210498835,-11070.528456035669
496,57065.21058859952,52558.69657500942,18149.30357328696,-187500.02235174447,5873.189076565394,8640.826778510425,10920.749416440656,1306.459463412698,-123046.53204042102,-126863.78531024282,-187500.02235174447,1261.6218640353518,-187500.02235174447,-146301.75635835604,-14259.384782240964,-11058.749086707723
497,57060.851998430735,52555.343813341125,18146.040218596485,-187500.02235174447,5869.903370130464,8648.918110003247,10904.544401710558,1311.0862745149464,-122988.95394670416,-126804.35202173617,-187500.02235174447,1242.3770120593324,-187500.02235174447,-146233.89646218973,-14263.050468331632,-11077.502200305726
498,57058.460361774014,52537.41771428796,18149.840015153888,-187500.02235174447,5868.562265463146,8640.469150599141,10911.987532614176,1300.3797889208545,-123054.6457236583,-126873.82124350323,-187500.02235174447,1253.2399598646116,-187500.02235174447,-146309.40065495975,-14264.883311376969,-11064.873464688477
499,57069.90445493513,52574.74512752833,18145.861404640844,-187500.02235174447,5861.342652004082,8638.837473253903,10898.554134196536,1300.9162307877816,-123003.32611838893,-126822.38987951158,-187500.02235174447,1244.612186504863,-187500.02235174447,-146245.1170379063,-14276.26034930472,-11088.588665555557
